<?xml version="1.0" encoding="UTF-8"?>
<!DOCTYPE suite SYSTEM "http://testng.org/testng-1.0.dtd">
<suite name="Onus Automation Test Suite"    >

	<listeners>
	<listener
		class-name="com.qa.ExtentReportListener.ExtentReporterNG"/>
	</listeners>


	<test  name="OnusTest">
		<classes>
			<class name="com.crm.qa.testcases.LoginPageTest"></class>
			<class name="com.crm.qa.testcases.HomePageTest"></class>
			<class name="com.crm.qa.testcases.TimesheetPageTest"></class>
		</classes>
	</test>
</suite>